{
  "duration": 1.0448979591836736,
  "sample_rate": 44100,
  "fps": 24,
  "total_frames": 25,
  "bass_energy": [
    3.467045462457463e-05,
    1.0,
    0.056982964277267456,
    0.24915198981761932,
    0.07080976665019989,
    0.12939950823783875,
    0.046666309237480164,
    0.0407436303794384,
    0.023360224440693855,
    0.010928069241344929,
    0.010207134298980236,
    0.005925428122282028,
    0.006558269262313843,
    0.004892516415566206,
    0.0044320495799183846,
    0.004315669182687998,
    0.0043975552543997765,
    0.004102822858840227,
    0.004070452880114317,
    0.004025502596050501,
    0.004000659100711346,
    0.003953309264034033,
    0.003951355814933777,
    0.003993508405983448,
    0.003936835564672947,
    0.0009463545866310596
  ],
  "mid_energy": [
    5.8047094171342906e-06,
    0.8363786935806274,
    0.5281951427459717,
    0.4200374484062195,
    0.24632498621940613,
    1.0,
    0.5976682901382446,
    0.5686609745025635,
    0.5575996041297913,
    0.38044077157974243,
    0.3036499321460724,
    0.2753809988498688,
    0.221561461687088,
    0.14821244776248932,
    0.08675005286931992,
    0.037992917001247406,
    0.02794770337641239,
    0.02766634151339531,
    0.02151518501341343,
    0.014487440697848797,
    0.003294918453320861,
    0.004500542301684618,
    0.00207616132684052,
    0.0011424679541960359,
    0.0008830949664115906,
    0.00011045798601116985
  ],
  "high_energy": [
    0.0031148286070674658,
    1.0,
    0.7084062099456787,
    0.7075870633125305,
    0.7614330053329468,
    0.7194311618804932,
    0.6818287372589111,
    0.647160530090332,
    0.7099907994270325,
    0.7179035544395447,
    0.7486740350723267,
    0.7582685947418213,
    0.7205896377563477,
    0.6989479660987854,
    0.6844456195831299,
    0.6571318507194519,
    0.6696283221244812,
    0.7503620982170105,
    0.6706908345222473,
    0.6869058609008789,
    0.6405368447303772,
    0.7496762275695801,
    0.6616529822349548,
    0.6647180318832397,
    0.7066470980644226,
    0.07228570431470871
  ],
  "tempo": 0.0,
  "beat_frames": [],
  "beat_video_frames": [],
  "onset_strength": [
    0.0,
    1.0,
    0.00781701674579127,
    0.13726729555940786,
    0.05926653409388603,
    0.20084852369726228,
    0.017647947268201424,
    0.10679821429602004,
    0.04455640700982822,
    0.02443812495706934,
    0.027612224079081114,
    0.009841066810763131,
    0.01551426873678766,
    0.0057927168408584825,
    0.0015399647184246709,
    0.0008142187079710144,
    0.05446605922185218,
    0.00047720599526507643,
    0.008607678003174723,
    0.012801935394363582,
    0.00880592751513634,
    0.0002447455597303399,
    0.0,
    0.0025867124662509017,
    0.0
  ],
  "spectral_centroid": [
    0.6234168257711692,
    0.0004350799305908141,
    0.0008382002340370661,
    0.002762048921476578,
    0.030960110118756698,
    0.0362744550276708,
    0.03637062648658094,
    0.04238136476677181,
    0.04591192852642118,
    0.048087794663755,
    0.05025741486554505,
    0.0521280088863712,
    0.05423844612214524,
    0.05952674996616975,
    0.0737787802637367,
    0.12249114772840353,
    0.09471947586122705,
    0.11429910343573647,
    0.13954892964151802,
    0.3140695918888378,
    0.36707855451124566,
    0.5231726222824912,
    0.7767870281275736,
    0.9172215000852304,
    0.7030025945458603
  ],
  "spectral_rolloff": [
    0.8549528301886793,
    0.00029481132075471664,
    0.0,
    0.0002948113207547177,
    0.024764150943396228,
    0.024764150943396228,
    0.024764150943396228,
    0.024764150943396228,
    0.024764150943396228,
    0.024764150943396228,
    0.024764150943396228,
    0.024764150943396228,
    0.024764150943396228,
    0.024764150943396228,
    0.024764150943396228,
    0.023879716981132084,
    0.024764150943396228,
    0.024764150943396228,
    0.024764150943396228,
    0.23260613207547562,
    0.7771226415094328,
    0.906544811320755,
    0.9752358490566038,
    0.9923349056603774,
    0.9492924528301887
  ],
  "spectral_contrast": [
    0.25115536717670545,
    0.39388977035320777,
    0.6690651979145733,
    0.6153329798135384,
    0.6271179793253323,
    0.7182468221351259,
    0.9144269481290191,
    0.8904565453196137,
    0.7826323679166982,
    0.8804952167036348,
    0.9216613521842639,
    0.909654953609381,
    0.8941240037463157,
    0.8348878509173913,
    0.8336671095582813,
    0.7904470879138044,
    0.9106467366619522,
    0.9068582916267024,
    0.8579245921941265,
    0.8480980203238553,
    0.9501863429020608,
    0.861866490619653,
    0.7669167687996984,
    0.701590996891062,
    0.0
  ],
  "rms_energy": [
    1.0067597941088025e-05,
    0.8623538017272949,
    0.7772091925144196,
    0.513278156518936,
    0.5278549790382385,
    0.9641702473163604,
    0.6974667608737946,
    0.7439803928136826,
    0.6951356530189514,
    0.5015309676527976,
    0.42401623725891113,
    0.3715997412800788,
    0.27654552459716797,
    0.16921060532331456,
    0.08397051692008972,
    0.034392870962619795,
    0.04539016634225845,
    0.0346507355570793,
    0.023947574198245985,
    0.00888267252594231,
    0.006354727782309055,
    0.0036574310506693954,
    0.0015771447797305904,
    0.0013130065053701383,
    0.00017028796719387174
  ],
  "frame_data": [
    {
      "frame": 0,
      "time": 0.0,
      "bass": 3.467045462457463e-05,
      "mid": 5.8047094171342906e-06,
      "high": 0.0031148286070674658,
      "onset": 0.0,
      "centroid": 0.6234168257711692,
      "rolloff": 0.8549528301886793,
      "contrast": 0.25115536717670545,
      "rms": 1.0067597941088025e-05,
      "is_beat": false
    },
    {
      "frame": 1,
      "time": 0.041666666666666664,
      "bass": 1.0,
      "mid": 0.8363786935806274,
      "high": 1.0,
      "onset": 1.0,
      "centroid": 0.0004350799305908141,
      "rolloff": 0.00029481132075471664,
      "contrast": 0.39388977035320777,
      "rms": 0.8623538017272949,
      "is_beat": false
    },
    {
      "frame": 2,
      "time": 0.08333333333333333,
      "bass": 0.056982964277267456,
      "mid": 0.5281951427459717,
      "high": 0.7084062099456787,
      "onset": 0.00781701674579127,
      "centroid": 0.0008382002340370661,
      "rolloff": 0.0,
      "contrast": 0.6690651979145733,
      "rms": 0.7772091925144196,
      "is_beat": false
    },
    {
      "frame": 3,
      "time": 0.125,
      "bass": 0.24915198981761932,
      "mid": 0.4200374484062195,
      "high": 0.7075870633125305,
      "onset": 0.13726729555940786,
      "centroid": 0.002762048921476578,
      "rolloff": 0.0002948113207547177,
      "contrast": 0.6153329798135384,
      "rms": 0.513278156518936,
      "is_beat": false
    },
    {
      "frame": 4,
      "time": 0.16666666666666666,
      "bass": 0.07080976665019989,
      "mid": 0.24632498621940613,
      "high": 0.7614330053329468,
      "onset": 0.05926653409388603,
      "centroid": 0.030960110118756698,
      "rolloff": 0.024764150943396228,
      "contrast": 0.6271179793253323,
      "rms": 0.5278549790382385,
      "is_beat": false
    },
    {
      "frame": 5,
      "time": 0.20833333333333334,
      "bass": 0.12939950823783875,
      "mid": 1.0,
      "high": 0.7194311618804932,
      "onset": 0.20084852369726228,
      "centroid": 0.0362744550276708,
      "rolloff": 0.024764150943396228,
      "contrast": 0.7182468221351259,
      "rms": 0.9641702473163604,
      "is_beat": false
    },
    {
      "frame": 6,
      "time": 0.25,
      "bass": 0.046666309237480164,
      "mid": 0.5976682901382446,
      "high": 0.6818287372589111,
      "onset": 0.017647947268201424,
      "centroid": 0.03637062648658094,
      "rolloff": 0.024764150943396228,
      "contrast": 0.9144269481290191,
      "rms": 0.6974667608737946,
      "is_beat": false
    },
    {
      "frame": 7,
      "time": 0.2916666666666667,
      "bass": 0.0407436303794384,
      "mid": 0.5686609745025635,
      "high": 0.647160530090332,